<?xml version="1.0" encoding="UTF-8"?>
<project xmlns="http://maven.apache.org/POM/4.0.0" xmlns:xsi="http://www.w3.org/2001/XMLSchema-instance" xsi:schemaLocation="http://maven.apache.org/POM/4.0.0 http://maven.apache.org/maven-v4_0_0.xsd">
  <modelVersion>4.0.0</modelVersion>
  <groupId>org.sia</groupId>
  <artifactId>Chapter05App</artifactId>
  <name>Chapter05App</name>
  <version>0.0.1-SNAPSHOT</version>
  <inceptionYear>2016</inceptionYear>
  <build>
    <sourceDirectory>src/main/java</sourceDirectory>
    <pluginManagement>
      <plugins>
        <plugin>
          <artifactId>maven-jar-plugin</artifactId>
          <version>2.4</version>
          <configuration>
            <finalName>chapter05App</finalName>
          </configuration>
        </plugin>
      </plugins>
    </pluginManagement>
    <plugins>
      <plugin>
        <artifactId>maven-shade-plugin</artifactId>
        <version>2.4.2</version>
        <executions>
          <execution>
            <phase>package</phase>
            <goals>
              <goal>shade</goal>
            </goals>
          </execution>
        </executions>
        <configuration />
      </plugin>
    </plugins>
  </build>
  <dependencies>
    <dependency>
      <groupId>org.apache.spark</groupId>
      <artifactId>spark-core_2.10</artifactId>
      <version>1.6.1</version>
      <scope>provided</scope>
      <exclusions>
        <exclusion>
          <artifactId>avro-mapred</artifactId>
          <groupId>org.apache.avro</groupId>
        </exclusion>
        <exclusion>
          <artifactId>chill_2.10</artifactId>
          <groupId>com.twitter</groupId>
        </exclusion>
        <exclusion>
          <artifactId>chill-java</artifactId>
          <groupId>com.twitter</groupId>
        </exclusion>
        <exclusion>
          <artifactId>xbean-asm5-shaded</artifactId>
          <groupId>org.apache.xbean</groupId>
        </exclusion>
        <exclusion>
          <artifactId>hadoop-client</artifactId>
          <groupId>org.apache.hadoop</groupId>
        </exclusion>
        <exclusion>
          <artifactId>spark-launcher_2.10</artifactId>
          <groupId>org.apache.spark</groupId>
        </exclusion>
        <exclusion>
          <artifactId>spark-network-common_2.10</artifactId>
          <groupId>org.apache.spark</groupId>
        </exclusion>
        <exclusion>
          <artifactId>spark-network-shuffle_2.10</artifactId>
          <groupId>org.apache.spark</groupId>
        </exclusion>
        <exclusion>
          <artifactId>spark-unsafe_2.10</artifactId>
          <groupId>org.apache.spark</groupId>
        </exclusion>
        <exclusion>
          <artifactId>jets3t</artifactId>
          <groupId>net.java.dev.jets3t</groupId>
        </exclusion>
        <exclusion>
          <artifactId>curator-recipes</artifactId>
          <groupId>org.apache.curator</groupId>
        </exclusion>
        <exclusion>
          <artifactId>javax.servlet</artifactId>
          <groupId>org.eclipse.jetty.orbit</groupId>
        </exclusion>
        <exclusion>
          <artifactId>commons-lang3</artifactId>
          <groupId>org.apache.commons</groupId>
        </exclusion>
        <exclusion>
          <artifactId>commons-math3</artifactId>
          <groupId>org.apache.commons</groupId>
        </exclusion>
        <exclusion>
          <artifactId>jsr305</artifactId>
          <groupId>com.google.code.findbugs</groupId>
        </exclusion>
        <exclusion>
          <artifactId>slf4j-api</artifactId>
          <groupId>org.slf4j</groupId>
        </exclusion>
        <exclusion>
          <artifactId>jul-to-slf4j</artifactId>
          <groupId>org.slf4j</groupId>
        </exclusion>
        <exclusion>
          <artifactId>jcl-over-slf4j</artifactId>
          <groupId>org.slf4j</groupId>
        </exclusion>
        <exclusion>
          <artifactId>log4j</artifactId>
          <groupId>log4j</groupId>
        </exclusion>
        <exclusion>
          <artifactId>slf4j-log4j12</artifactId>
          <groupId>org.slf4j</groupId>
        </exclusion>
        <exclusion>
          <artifactId>compress-lzf</artifactId>
          <groupId>com.ning</groupId>
        </exclusion>
        <exclusion>
          <artifactId>snappy-java</artifactId>
          <groupId>org.xerial.snappy</groupId>
        </exclusion>
        <exclusion>
          <artifactId>lz4</artifactId>
          <groupId>net.jpountz.lz4</groupId>
        </exclusion>
        <exclusion>
          <artifactId>RoaringBitmap</artifactId>
          <groupId>org.roaringbitmap</groupId>
        </exclusion>
        <exclusion>
          <artifactId>commons-net</artifactId>
          <groupId>commons-net</groupId>
        </exclusion>
        <exclusion>
          <artifactId>akka-remote_2.10</artifactId>
          <groupId>com.typesafe.akka</groupId>
        </exclusion>
        <exclusion>
          <artifactId>akka-slf4j_2.10</artifactId>
          <groupId>com.typesafe.akka</groupId>
        </exclusion>
        <exclusion>
          <artifactId>scala-library</artifactId>
          <groupId>org.scala-lang</groupId>
        </exclusion>
        <exclusion>
          <artifactId>json4s-jackson_2.10</artifactId>
          <groupId>org.json4s</groupId>
        </exclusion>
        <exclusion>
          <artifactId>jersey-server</artifactId>
          <groupId>com.sun.jersey</groupId>
        </exclusion>
        <exclusion>
          <artifactId>jersey-core</artifactId>
          <groupId>com.sun.jersey</groupId>
        </exclusion>
        <exclusion>
          <artifactId>mesos</artifactId>
          <groupId>org.apache.mesos</groupId>
        </exclusion>
        <exclusion>
          <artifactId>netty-all</artifactId>
          <groupId>io.netty</groupId>
        </exclusion>
        <exclusion>
          <artifactId>stream</artifactId>
          <groupId>com.clearspring.analytics</groupId>
        </exclusion>
        <exclusion>
          <artifactId>metrics-core</artifactId>
          <groupId>io.dropwizard.metrics</groupId>
        </exclusion>
        <exclusion>
          <artifactId>metrics-jvm</artifactId>
          <groupId>io.dropwizard.metrics</groupId>
        </exclusion>
        <exclusion>
          <artifactId>metrics-json</artifactId>
          <groupId>io.dropwizard.metrics</groupId>
        </exclusion>
        <exclusion>
          <artifactId>metrics-graphite</artifactId>
          <groupId>io.dropwizard.metrics</groupId>
        </exclusion>
        <exclusion>
          <artifactId>jackson-databind</artifactId>
          <groupId>com.fasterxml.jackson.core</groupId>
        </exclusion>
        <exclusion>
          <artifactId>jackson-module-scala_2.10</artifactId>
          <groupId>com.fasterxml.jackson.module</groupId>
        </exclusion>
        <exclusion>
          <artifactId>ivy</artifactId>
          <groupId>org.apache.ivy</groupId>
        </exclusion>
        <exclusion>
          <artifactId>oro</artifactId>
          <groupId>oro</groupId>
        </exclusion>
        <exclusion>
          <artifactId>tachyon-client</artifactId>
          <groupId>org.tachyonproject</groupId>
        </exclusion>
        <exclusion>
          <artifactId>pyrolite</artifactId>
          <groupId>net.razorvine</groupId>
        </exclusion>
        <exclusion>
          <artifactId>py4j</artifactId>
          <groupId>net.sf.py4j</groupId>
        </exclusion>
        <exclusion>
          <artifactId>unused</artifactId>
          <groupId>org.spark-project.spark</groupId>
        </exclusion>
      </exclusions>
    </dependency>
    <dependency>
      <groupId>org.apache.spark</groupId>
      <artifactId>spark-sql_2.10</artifactId>
      <version>1.6.1</version>
      <scope>provided</scope>
      <exclusions>
        <exclusion>
          <artifactId>spark-catalyst_2.10</artifactId>
          <groupId>org.apache.spark</groupId>
        </exclusion>
        <exclusion>
          <artifactId>parquet-column</artifactId>
          <groupId>org.apache.parquet</groupId>
        </exclusion>
        <exclusion>
          <artifactId>parquet-hadoop</artifactId>
          <groupId>org.apache.parquet</groupId>
        </exclusion>
        <exclusion>
          <artifactId>jackson-databind</artifactId>
          <groupId>com.fasterxml.jackson.core</groupId>
        </exclusion>
        <exclusion>
          <artifactId>unused</artifactId>
          <groupId>org.spark-project.spark</groupId>
        </exclusion>
      </exclusions>
    </dependency>
    <dependency>
      <groupId>org.apache.spark</groupId>
      <artifactId>spark-hive_2.10</artifactId>
      <version>1.6.1</version>
      <scope>provided</scope>
      <exclusions>
        <exclusion>
          <artifactId>parquet-hadoop-bundle</artifactId>
          <groupId>com.twitter</groupId>
        </exclusion>
        <exclusion>
          <artifactId>hive-cli</artifactId>
          <groupId>org.spark-project.hive</groupId>
        </exclusion>
        <exclusion>
          <artifactId>hive-exec</artifactId>
          <groupId>org.spark-project.hive</groupId>
        </exclusion>
        <exclusion>
          <artifactId>hive-metastore</artifactId>
          <groupId>org.spark-project.hive</groupId>
        </exclusion>
        <exclusion>
          <artifactId>avro</artifactId>
          <groupId>org.apache.avro</groupId>
        </exclusion>
        <exclusion>
          <artifactId>commons-httpclient</artifactId>
          <groupId>commons-httpclient</groupId>
        </exclusion>
        <exclusion>
          <artifactId>calcite-avatica</artifactId>
          <groupId>org.apache.calcite</groupId>
        </exclusion>
        <exclusion>
          <artifactId>calcite-core</artifactId>
          <groupId>org.apache.calcite</groupId>
        </exclusion>
        <exclusion>
          <artifactId>httpclient</artifactId>
          <groupId>org.apache.httpcomponents</groupId>
        </exclusion>
        <exclusion>
          <artifactId>jackson-mapper-asl</artifactId>
          <groupId>org.codehaus.jackson</groupId>
        </exclusion>
        <exclusion>
          <artifactId>commons-codec</artifactId>
          <groupId>commons-codec</groupId>
        </exclusion>
        <exclusion>
          <artifactId>joda-time</artifactId>
          <groupId>joda-time</groupId>
        </exclusion>
        <exclusion>
          <artifactId>jodd-core</artifactId>
          <groupId>org.jodd</groupId>
        </exclusion>
        <exclusion>
          <artifactId>datanucleus-core</artifactId>
          <groupId>org.datanucleus</groupId>
        </exclusion>
        <exclusion>
          <artifactId>libthrift</artifactId>
          <groupId>org.apache.thrift</groupId>
        </exclusion>
        <exclusion>
          <artifactId>libfb303</artifactId>
          <groupId>org.apache.thrift</groupId>
        </exclusion>
        <exclusion>
          <artifactId>avro-mapred</artifactId>
          <groupId>org.apache.avro</groupId>
        </exclusion>
        <exclusion>
          <artifactId>jsr305</artifactId>
          <groupId>com.google.code.findbugs</groupId>
        </exclusion>
        <exclusion>
          <artifactId>unused</artifactId>
          <groupId>org.spark-project.spark</groupId>
        </exclusion>
      </exclusions>
    </dependency>
  </dependencies>
  <properties>
    <scala.version>2.10.4</scala.version>
    <encoding>UTF-8</encoding>
    <maven.compiler.source>1.8</maven.compiler.source>
    <spark.version>1.6.1</spark.version>
    <scala.tools.version>2.10</scala.tools.version>
    <maven.compiler.target>1.8</maven.compiler.target>
  </properties>
</project>

