{"createdAt":"Nov 4, 2014 4:56:59 PM","id":529799371026485248,"text":"Adventures With Coffee, Code, and Writing.","source":"\u003ca href\u003d\"http://twitter.com\" rel\u003d\"nofollow\"\u003eTwitter Web Client\u003c/a\u003e","isTruncated":false,"inReplyToStatusId":-1,"inReplyToUserId":-1,"isFavorited":false,"retweetCount":0,"isPossiblySensitive":false,"contributorsIDs":[],"userMentionEntities":[],"urlEntities":[],"hashtagEntities":[],"mediaEntities":[],"currentUserRetweetId":-1,"user":{"id":15594928,"name":"Holden Karau","screenName":"holdenkarau","location":"","description":"","descriptionURLEntities":[],"isContributorsEnabled":false,"profileImageUrl":"http://pbs.twimg.com/profile_images/3005696115/2036374bbadbed85249cdd50aac6e170_normal.jpeg","profileImageUrlHttps":"https://pbs.twimg.com/profile_images/3005696115/2036374bbadbed85249cdd50aac6e170_normal.jpeg","isProtected":false,"followersCount":1231,"profileBackgroundColor":"C0DEED","profileTextColor":"333333","profileLinkColor":"0084B4","profileSidebarFillColor":"DDEEF6","profileSidebarBorderColor":"FFFFFF","profileUseBackgroundImage":true,"showAllInlineMedia":false,"friendsCount":600,"createdAt":"Aug 5, 2011 9:42:44 AM","favouritesCount":1095,"utcOffset":-3,"profileBackgroundImageUrl":"","profileBackgroundImageUrlHttps":"","profileBannerImageUrl":"","profileBackgroundTiled":true,"lang":"en","statusesCount":6234,"isGeoEnabled":true,"isVerified":false,"translator":false,"listedCount":0,"isFollowRequestSent":false}}
