{"username":"AbrahamSalloum"}
{"username":"aclindsa"}
{"username":"adamschwartz"}
{"username":"ahsojar"}
{"username":"AiMadobe"}
{"username":"Akkyie"}
{"username":"albertn198"}
{"username":"alexanderdidenko"}
{"username":"allelos"}
{"username":"andy-armstrong"}
{"username":"aprilx2222"}
{"username":"aquira246"}
{"username":"aried3r"}
{"username":"avilunin"}
{"username":"barnardn"}
{"username":"BatMiles"}
{"username":"Battleroid"}
{"username":"battlesnake"}
{"username":"bcherny"}
{"username":"bdiegel"}
{"username":"BhawanVirk"}
{"username":"bitemyapp"}
{"username":"BitKiwi"}
{"username":"bjaiyen"}
{"username":"bmcfluff"}
{"username":"chapuni"}
{"username":"ChroniXEcho"}
{"username":"cptmashek"}
{"username":"craigem"}
{"username":"danielrasmuson"}
{"username":"danieltcv"}
{"username":"dayanyrec"}
{"username":"dcsan"}
{"username":"dhirajbodicherla"}
{"username":"digedez"}
{"username":"digipl"}
{"username":"dinoboff"}
{"username":"direwolf-github"}
{"username":"DomT4"}
{"username":"dpyryesk"}
{"username":"e3bo"}
{"username":"eckardjf"}
{"username":"edmundito"}
{"username":"eduardobritosan"}
{"username":"elhaddad1"}
{"username":"EmanueleMinotto"}
{"username":"evelynluu"}
{"username":"eventuserum"}
{"username":"flogo1982"}
{"username":"fragale"}
{"username":"frsyuki"}
{"username":"fbennett"}
{"username":"gdavendanor"}
{"username":"geowarin"}
{"username":"gerhuyy"}
{"username":"Gix075"}
{"username":"gkiar"}
{"username":"gkop"}
{"username":"gmaclennan"}
{"username":"grantgalitz"}
{"username":"greggman"}
{"username":"GroovyCarrot"}
{"username":"gvincenzi"}
{"username":"gwalker91"}
{"username":"Halexsson"}
{"username":"hansliu"}
{"username":"hata69"}
{"username":"hujihong"}
{"username":"hwen3"}
{"username":"iheo"}
{"username":"ims21"}
{"username":"insomniapplabs"}
{"username":"IrinaDmt"}
{"username":"IsaacAU"}
{"username":"ivanyukio"}
{"username":"jaanos"}
{"username":"jacorral"}
{"username":"jaehyeon-kim"}
{"username":"janovas"}
{"username":"jbernie2"}
{"username":"jclaw"}
{"username":"jcrawfordor"}
{"username":"jeff1evesque"}
{"username":"jeffreykegler"}
{"username":"jeremymoritz"}
{"username":"jessiel"}
{"username":"jfelchner"}
{"username":"jinmingmu"}
{"username":"jmal0"}
{"username":"jmarkkula"}
{"username":"johnrnelson"}
{"username":"jordanekay"}
{"username":"jplahn"}
{"username":"jpmal95"}
{"username":"jschnurrer"}
{"username":"jtrang"}
{"username":"JustScience"}
{"username":"Juxnist"}
{"username":"jvodan"}
{"username":"KenanSulayman"}
{"username":"keum"}
{"username":"kriskd"}
{"username":"kungfuboy"}
{"username":"kWhittington"}
{"username":"larperdoodle"}
{"username":"lawrenceevalyn"}
{"username":"leafo"}
{"username":"ledomone"}
{"username":"LeendersR"}
{"username":"liangyali"}
{"username":"lightZebra"}
{"username":"likenny9"}
{"username":"listingslab"}
{"username":"Lithium64"}
{"username":"localheinz"}
{"username":"louy"}
{"username":"lukeis"}
{"username":"lukke100"}
{"username":"m1771vw"}
{"username":"macbookandrew"}
{"username":"mahnve"}
{"username":"makjona"}
{"username":"manuelrp07"}
{"username":"marciojv"}
{"username":"maroz"}
{"username":"martagalaz"}
{"username":"matthiasgasser"}
{"username":"mc-suchecki"}
{"username":"mfonken"}
{"username":"MichaelCTH"}
{"username":"michaelfester"}
{"username":"michaelpcorreale"}
{"username":"mikebronner"}
{"username":"mikegazdag"}
{"username":"mitchcapper"}
{"username":"mlin"}
{"username":"muonide"}
{"username":"NathanNg"}
{"username":"nax3t"}
{"username":"nesteves"}
{"username":"noahvanes"}
{"username":"nztim"}
{"username":"octoberapp"}
{"username":"p3lim"}
{"username":"paulherman"}
{"username":"peschuster"}
{"username":"petergreeen"}
{"username":"pklopping"}
{"username":"pquinter"}
{"username":"ptudor"}
{"username":"Pykee"}
{"username":"qeremy"}
{"username":"rabernal"}
{"username":"Ramzawulf"}
{"username":"randheerDas"}
{"username":"ravivcohen"}
{"username":"razzel"}
{"username":"rbardini"}
{"username":"Reddraft"}
{"username":"ricardocastaneda"}
{"username":"rmuhamedgaliev"}
{"username":"robertcboll"}
{"username":"robertzk"}
{"username":"rosay"}
{"username":"RuiqingQiu"}
{"username":"russomi"}
{"username":"rwstream9"}
{"username":"samnazarko"}
{"username":"sarita89"}
{"username":"sdaschner"}
{"username":"serranoarevalo"}
{"username":"shryme"}
{"username":"skittles1"}
{"username":"sloria"}
{"username":"soluml"}
{"username":"Somasis"}
{"username":"sophiataskova"}
{"username":"stephaniejn"}
{"username":"StuntsPT"}
{"username":"summersd"}
{"username":"tatums"}
{"username":"tekd"}
{"username":"tessercat"}
{"username":"TheRingMaster"}
{"username":"thomas-forte"}
{"username":"tnunn2"}
{"username":"ToluOlayinka"}
{"username":"Tookmund"}
{"username":"twillis"}
{"username":"txchen"}
{"username":"tywins"}
{"username":"uqs"}
{"username":"vadik49b"}
{"username":"Valicek1"}
{"username":"vkostyukov"}
{"username":"vsingleton"}
{"username":"wboswall"}
{"username":"whh8b"}
{"username":"WhiteHalmos"}
{"username":"williamFalcon"}
{"username":"wjkhoops"}
{"username":"xaque208"}
{"username":"xrav3nz"}
{"username":"y-yagi"}
{"username":"yuansl"}
{"username":"zhixinwen"}
{"username":"zjt1114"}
{"username":"ZombieHippie"}